BranchName BranchCode,Address,PhoneNumber
New York JFK,"JFK Access Rd, Queens, NY 11430",555-385-4829
Los Angeles LAX,"1 World Way, Los Angeles, CA 90045",555-492-1048
Chicago ORD,"10000 W O'Hare Ave, Chicago, IL 60666",555-728-3361
Dallas/Fort Worth DFW,"2400 Aviation Dr, DFW Airport, TX 75261",555-502-8817
Denver DEN,"8500 Peña Blvd, Denver, CO 80249",555-610-2938
Atlanta ATL,"6000 N Terminal Pkwy, Atlanta, GA 30320",555-837-4491
San Francisco SFO,"San Francisco International Airport, San Francisco, CA 94128",555-221-7503
Las Vegas LAS,"5757 Wayne Newton Blvd, Las Vegas, NV 89119",555-901-6754
Seattle SEA,"17801 Pacific Hwy S, Seattle, WA 98158",555-338-9210
Miami MIA,"2100 NW 42nd Ave, Miami, FL 33126",555-574-1833
Orlando MCO,"1 Jeff Fuqua Blvd, Orlando, FL 32827",555-682-4019
Phoenix PHX,"3400 E Sky Harbor Blvd, Phoenix, AZ 85034",555-749-3358
Houston IAH,"2800 N Terminal Rd, Houston, TX 77032",555-112-8740
Boston BOS,"1 Harborside Dr, Boston, MA 02128",555-888-5921
Minneapolis MSP,"4300 Glumack Dr, St. Paul, MN 55111",555-450-2177
Detroit DTW,"11050 W G Rogell Dr #602, Detroit, MI 48242",555-621-8394
Philadelphia PHL,"8000 Essington Ave, Philadelphia, PA 19153",555-934-5516
Fort Lauderdale FLL,"100 Terminal Dr, Fort Lauderdale, FL 33315",555-278-6098
Salt Lake City SLC,"776 N Terminal Dr, Salt Lake City, UT 84122",555-519-7243
Washington IAD,"1 Saarinen Cir, Dulles, VA 20166",555-765-3810
San Diego SAN,"3225 N Harbor Dr, San Diego, CA 92101",555-301-4927
Tampa TPA,"4100 George J Bean Pkwy, Tampa, FL 33607",555-857-1185
Charlotte CLT,"5501 Josh Birmingham Pkwy, Charlotte, NC 28208",555-442-6301
Baltimore BWI,"7050 Friendship Rd, Baltimore, MD 21240",555-693-7852
Greenville-Spartanburg GSP,"2000 GSP Dr, Greer, SC 29651",555-214-9963
Portland PDX,"7000 NE Airport Way, Portland, OR 97218",555-802-1475
St. Louis STL,"10701 Lambert International Blvd, St. Louis, MO 63145",555-971-3389
Austin AUS,"3600 Presidential Blvd, Austin, TX 78719",555-533-6012
Nashville BNA,"1 Terminal Dr, Nashville, TN 37214",555-720-4824
New Orleans MSY,"1 Terminal Dr, Kenner, LA 70062",555-359-2271
Raleigh-Durham RDU,"2400 John Brantley Blvd, Morrisville, NC 27560",555-817-5390
Kansas City MCI,"1 International Sq, Kansas City, MO 64153",555-481-7783
San Antonio SAT,"9800 Airport Blvd, San Antonio, TX 78216",555-667-9104
San Jose SJC,"1701 Airport Blvd, San Jose, CA 95110",555-294-3855
Sacramento SMF,"6900 Airport Blvd, Sacramento, CA 95837",555-912-6438
Indianapolis IND,"7800 Col. H. Weir Cook Memorial Dr, Indianapolis, IN 46241",555-505-8129
Pittsburgh PIT,"1000 Airport Blvd, Pittsburgh, PA 15231",555-776-4201
Cleveland CLE,"5300 Riverside Dr, Cleveland, OH 44135",555-348-1857
Cincinnati/Northern Kentucky CVG,"3087 Terminal Dr, Hebron, KY 41048",555-890-5036
Milwaukee MKE,"5300 S Howell Ave, Milwaukee, WI 53207",555-411-7391
Newark Liberty EWR,"10 Toler Pl, Newark, NJ 07114",555-645-9820
Albuquerque ABQ,"2200 Sunport Blvd, Albuquerque, NM 87106",555-873-4562
Omaha OMA,"4501 Abbott Dr, Omaha, NE 68110",555-317-8813
Boise BOI,"3201 W Airport Way, Boise, ID 83705",555-559-2347
Richmond RIC,"1 Richard E Byrd Terminal Dr, Richmond, VA 23250",555-734-6789
Jacksonville JAX,"2400 Yankee Clipper Dr, Jacksonville, FL 32218",555-942-1234
Memphis MEM,"2491 Winchester Rd, Memphis, TN 38116",555-208-5678
Buffalo BUF,"4200 Genesee St, Buffalo, NY 14225",555-846-9900
Hartford BDL,"Schoephoester Rd, Windsor Locks, CT 06096",555-467-3456
Columbus CMH,"4600 International Gateway, Columbus, OH 43219",555-632-7890